CID,ncbi_accession
0,AB704943.1
0,LC626510.1
0,MW000146.1
0,HM413225.1
0,HM413372.1
0,HQ551783.1
0,KR681605.1
0,KR682615.1
0,KR687945.1
0,MG554168.1
0,MT446886.1
0,OL743141.1
0,HM861285.1
0,HM861286.1
0,HM861287.1
0,JF873163.1
0,JF873336.1
0,MW807236.1
0,LC278317.1
0,MG151606.1
0,MZ950913.1
0,GU804084.1
0,KR694234.1
0,MH346490.1
0,EU493815.1
0,EU494075.1
0,JF273082.1
0,JF867629.1
0,JF868840.1
0,JN291583.1
0,MG968205.1
0,JQ246693.1
0,KY031805.1
0,KY031806.1
0,MN411167.1
0,GQ409356.1
0,GU803941.1
0,HM375999.1
0,HM909639.1
0,HM909640.1
0,KR262625.1
0,KR262672.1
0,KT781863.1
0,MZ609918.1
0,OK065113.1
0,OM949828.1
0,OM949829.1
0,AY573149.1
0,AH010111.2
0,DQ657040.1
0,FJ025625.1
0,FJ025645.2
0,GQ409314.1
0,HM412660.1
0,HM412875.1
0,HM435805.1
0,HM860670.1
0,HM861032.1
0,HM861862.1
0,HM862185.1
0,HM862193.1
0,HQ569525.1
0,JF869388.1
0,JF869426.1
0,JF871860.1
0,JN604566.1
0,KC192972.1
0,KF652217.1
0,KP412984.1
0,KP412991.1
0,KP413000.1
0,KP413002.1
0,KR516080.1
0,KR671243.1
0,KR943255.1
0,KU875775.1
0,MG673697.1
0,MG673698.1
0,MZ624552.1
0,MZ625164.1
0,MZ631098.1
0,HM412349.1
0,HM412409.1
0,HM412885.1
0,HQ962045.1
0,JF874225.1
0,MZ631319.1
0,MG967767.1
0,JQ246681.1
0,JQ246682.1
0,MN411253.1
0,MN411260.1
0,KR820758.1
0,FR719153.1
0,FR719158.1
0,AM098624.1
0,FJ437348.1
0,FJ437349.1
0,JX861413.1
0,JX861414.1
0,JX861415.1
0,KY511149.1
0,KY511150.1
0,AB700029.1
0,EF180897.1
0,EF180899.1
0,EF180917.1
0,GU142666.1
0,GU142667.1
0,GU690028.1
0,GU803865.1
0,GU804052.1
0,HM412163.1
0,HM412345.1
0,HM412527.1
0,HM412685.1
0,HM412893.1
0,HM417282.1
0,HM417305.1
0,HM419869.1
0,HM419871.1
0,HM419873.1
0,HM420488.1
0,HM420489.1
0,HM881267.1
0,HM881271.1
0,HM881987.1
0,HM909618.1
0,HQ583161.1
0,HQ634223.1
0,JF439544.1
0,JF867056.1
0,JF867293.1
0,JF867487.1
0,JF869041.1
0,JF869044.1
0,JF869067.1
0,JF869082.1
0,JF872420.1
0,JF872974.1
0,JF873575.1
0,JF873602.1
0,JN298651.1
0,JN298714.1
0,JN301903.1
0,JN302259.1
0,JQ807214.1
0,KC192967.1
0,KF652210.1
0,KJ086950.1
0,KM233125.1
0,KM569716.1
0,KM570784.1
0,KM645388.1
0,KP725262.1
0,KP725264.1
0,KR262616.1
0,KR655630.1
0,KR659253.1
0,KT103325.1
0,KX843743.1
0,KX843761.1
0,KX843802.1
0,KX843803.1
0,KX843818.1
0,KX843901.1
0,KX843916.1
0,KX843938.1
0,KX843958.1
0,KX844126.1
0,KX844174.1
0,KX844176.1
0,KX844180.1
0,KX844239.1
0,KX844328.1
0,KX844362.1
0,KX844425.1
0,KX844464.1
0,KX844516.1
0,KX844529.1
0,KX844536.1
0,MF833129.1
0,MG170578.1
0,MG967875.1
0,MG968185.1
0,MK644573.1
0,MN868742.1
0,MN868871.1
0,MN868902.1
0,MT048309.1
0,MW392927.1
0,MW392928.1
0,OK559553.1
0,OM037636.1
0,HM192800.1
0,KC193016.1
0,AY573142.1
0,HM860650.1
0,JF867129.1
0,JN302223.1
0,KP659082.1
0,KP659083.1
0,KP659084.1
0,KU373192.1
0,KU374203.1
0,KU374416.1
0,MT898802.1
0,MT898803.1
0,MT898804.1
0,HM386344.1
0,HM412781.1
0,HM412782.1
0,KR262656.1
0,KR262657.1
0,KX054701.1
0,KX054702.1
0,KX054703.1
0,GQ175826.1
0,AY573164.1
0,KR262652.1
0,KR262653.1
0,HQ872966.1
0,HQ872967.1
0,HQ872968.1
0,JN265014.1
0,KM907043.1
0,KP038567.1
0,HM386265.1
0,HM412835.1
0,HM413191.1
0,HM417408.1
0,HM435817.1
0,HM860460.1
0,HM861671.1
0,HM861754.1
0,HM861768.1
0,HQ581758.1
0,HQ581938.1
0,HQ581976.1
0,HQ582100.1
0,HQ582133.1
0,HQ981728.1
0,HQ984639.1
0,JN007852.1
0,JN298439.1
0,JN302412.1
0,KC435646.1
0,KM679393.1
0,KM679394.1
0,KM855046.1
0,KM856486.1
0,KM944180.1
0,KR997607.1
0,KR997608.1
0,KR997612.1
0,MG094244.1
0,MG097599.1
0,MG109824.1
0,MH431698.1
0,MW479747.1
0,MW479751.1
0,MW479752.1
0,KC435670.1
0,KP293420.1
0,MT993479.1
0,MT993485.1
0,GU943236.1
0,GU943237.1
0,GU943238.1
0,KR680774.1
0,KR681900.1
0,KR683479.1
0,EU493637.1
0,EU493639.1
0,EU493642.1
0,JQ684875.1
0,JQ684876.1
0,KC769209.1
0,KC769210.1
0,KC769211.1
0,KJ092340.1
0,KP208478.1
0,KP208481.1
0,KP208482.1
0,KR748415.1
0,KT353059.1
0,KT353060.1
0,KT353061.1
0,LC128580.1
0,LC128581.1
0,MG217254.1
0,MG217255.1
0,MG217256.1
0,MG684832.1
0,MG845518.1
0,MN191247.1
0,MN191270.1
0,MN191311.1
0,MN191333.1
0,MN207676.1
0,MN207682.1
0,MW582600.1
0,MZ609470.1
0,MZ610819.1
0,ON220871.1
0,MG647919.1
0,MT827938.1
0,MZ323634.1
0,GU680241.1
0,GU680247.1
0,GU680353.1
0,GU680354.1
0,GU680355.1
0,GU680403.1
0,HQ441022.1
0,KT215906.1
0,KT215907.1
0,KT215908.1
0,KT215938.1
0,KT215939.1
0,KT215940.1
0,AB360986.1
0,AB360987.1
0,AB360999.1
0,KX453764.1
0,GU803880.1
0,JQ349578.1
0,JQ349579.1
0,JQ349580.1
0,MK234696.1
0,MW086855.1
0,AF547666.1
0,MT746016.1
0,MT746018.1
0,AB907186.1
0,GQ465783.1
0,GU690038.1
0,HM374365.1
0,HM385594.1
0,HM386290.1
0,HM386320.1
0,HM386335.1
0,HM412305.1
0,HM431941.1
0,HM433852.1
0,HM862116.1
0,HQ581786.1
0,HQ941017.1
0,HQ984604.1
0,JF867606.1
0,JF867607.1
0,JF871863.1
0,JN291382.1
0,JN869986.1
0,KM948972.1
0,KM967114.1
0,KR659911.1
0,KR981779.1
0,MG169757.1
0,MG967749.1
0,MG967883.1
0,MG968062.1
0,MN411274.1
0,MN868735.1
0,MN868912.1
0,MT216194.1
0,MZ608073.1
0,MZ628286.1
0,OP218410.1
0,AY165651.1
0,DQ631993.1
0,DQ983519.1
0,DQ983531.1
0,GU690032.1
0,GU690034.1
0,GU690035.1
0,GU803868.1
0,HM412294.1
0,HM412295.1
0,HM431932.1
0,HM860997.1
0,JF876177.1
0,JF876178.1
0,KC592648.1
0,KC592656.1
0,KC592658.1
0,KC592665.1
0,KC592668.1
0,KC592675.1
0,KM243490.1
0,KM243491.1
0,KM243522.1
0,KM243531.1
0,KM243542.1
0,KM243548.1
0,KY777139.1
0,KY777163.1
0,KY777172.1
0,KY777183.1
0,KY777201.1
0,MG967982.1
0,MN411056.1
0,MW459558.1
0,MW459569.1
0,MZ563344.1
0,MZ623458.1
0,OL534388.1
0,OM991884.1
0,OM991885.1
0,OM991888.1
0,OM991890.1
0,ON506245.1
0,ON556503.1
0,ON563153.1
0,ON563154.1
0,ON563155.1
0,ON563157.1
0,ON704654.1
0,OU230768.1
0,OU230771.1
0,KC592999.1
0,KC593049.1
0,KC593066.1
0,KC193013.1
0,KC192964.1
0,KC177570.1
0,HM412895.1
0,HQ577676.1
0,JF867476.1
0,MG968060.1
0,AY174459.1
0,AY212788.1
0,AY212794.1
0,AY261688.1
0,AY261689.1
0,AY261690.1
0,AY261694.1
0,AY261702.1
0,AY261703.1
0,AY533351.1
0,DQ337675.1
0,DQ337702.1
0,DQ337703.1
0,DQ417498.1
0,EF127313.1
0,EF127324.1
0,EF127325.1
0,EF127358.1
0,EU241753.1
0,EU431478.1
0,EU431480.1
0,EU431482.1
0,EU431505.1
0,EU431506.1
0,FM178086.1
0,FM213105.1
0,FM213106.1
0,GU689827.1
0,GU689983.1
0,GU689984.1
0,GU803823.1
0,GU803825.1
0,HF547906.1
0,HF547919.1
0,HG810944.1
0,HM412420.1
0,HM412543.1
0,HM412630.1
0,HM412638.1
0,HM413033.1
0,HQ944873.1
0,HQ944874.1
0,HQ944918.1
0,JF869139.1
0,JF869140.1
0,JF869141.1
0,JF869350.1
0,JN302208.1
0,KJ158454.1
0,KM224508.1
0,KM224509.1
0,KM270874.1
0,KM270877.1
0,KP402778.1
0,KP402779.1
0,KP402788.1
0,KP402812.1
0,KP402833.1
0,KR262635.1
0,KU216212.1
0,KX054266.1
0,KX054267.1
0,KX054268.1
0,KY392540.1
0,KY392541.1
0,KY392542.1
0,LT592267.1
0,LT592268.1
0,MF446517.1
0,MF446519.1
0,MF446521.1
0,MF446525.1
0,MF446533.1
0,MF446541.1
0,MF446542.1
0,MF446544.1
0,MF446560.1
0,MH511654.1
0,MK751129.1
0,MK959053.1
0,MK959055.1
0,MN015562.1
0,MN514088.1
0,MN562427.1
0,MN562428.1
0,MN621918.1
0,MN992671.1
0,MT216196.1
0,MT216199.1
0,MT216202.1
0,MT449490.1
0,MT449491.1
0,MT449492.1
0,MW473945.1
0,MW473953.1
0,MW473964.1
0,MW473991.1
0,MW474007.1
0,MW474043.1
0,MW474051.1
0,MW474055.1
0,MW474082.1
0,MW474095.1
0,MZ629693.1
0,GU672783.1
0,GU672785.1
0,GU803937.1
0,GU803938.1
0,GU803939.1
0,GU804097.1
0,HM374357.1
0,HM374359.1
0,HM374360.1
0,HM386272.1
0,HM395439.1
0,HM412214.1
0,HM412381.1
0,HM412577.1
0,HM412695.1
0,HM412941.1
0,HM413146.1
0,HM431948.1
0,HM861759.1
0,HQ551906.1
0,HQ945305.1
0,HQ945306.1
0,HQ981319.1
0,HQ981320.1
0,HQ981437.1
0,JN291636.1
0,KP792764.1
0,KP792765.1
0,KP792766.1
0,KR664827.1
0,KR671964.1
0,KR687100.1
0,KY830944.1
0,KY834614.1
0,KY842720.1
0,MF059316.1
0,MF820201.1
0,MF823987.1
0,MH069729.1
0,MZ626527.1
0,MZ627041.1
0,MZ629774.1
0,MZ631482.1
0,MZ633059.1
0,MT318992.1
0,MT318993.1
0,MT318994.1
0,MT318995.1
0,MT318996.1
0,OM490688.1
0,OM490689.1
0,OM490690.1
0,HM062525.1
0,HQ945000.1
0,JN298630.1
0,JN302254.1
0,JN664801.1
0,KR654866.1
0,KR657112.1
0,MZ610358.1
0,KC193000.1
0,HM062524.1
0,KC192973.1
0,KR262667.1
0,AF304750.1
0,AF304751.1
0,AF304777.1
0,KR262709.1
0,KT186759.1
0,GU803882.1
0,GU804017.1
0,HM386275.1
0,HM412661.1
0,HM883119.1
0,HM883151.1
0,HM883152.1
0,HQ582171.1
0,HQ982280.1
0,JF867179.1
0,JF867180.1
0,KR524921.1
0,KT186643.1
0,KT186644.1
0,HM062542.1
0,KR262679.1
0,GU672789.1
0,GU672791.1
0,GU672805.1
0,HM417244.1
0,HQ981309.1
0,HQ981915.1
0,MH395860.1
0,MH395861.1
0,MH590773.1
0,MH590775.1
0,MZ622753.1
0,MZ350546.1
0,MZ350552.1
0,MZ350554.1
0,MZ350555.1
0,MZ350594.1
0,FJ532245.1
0,FJ532246.1
0,FJ532247.1
0,HM374361.1
0,HM909616.1
0,HQ561032.1
0,JF879947.1
0,JN308295.1
0,JN308296.1
0,KT782270.1
0,KT782271.1
0,KT782272.1
0,KX054897.1
0,KM287301.1
0,KM287302.1
0,KM287303.1
0,KR262620.1
0,AY573146.1
0,EF104649.1
0,EF104650.1
0,EF104651.1
0,EF104655.1
0,EF104663.1
0,EF104664.1
0,EF104665.1
0,EF104734.1
0,EF494670.1
0,EF494671.1
0,EU219613.1
0,EU219614.1
0,EU367522.1
0,FJ435888.1
0,FJ435889.1
0,FJ435891.1
0,FJ435892.1
0,FJ435903.1
0,FJ435906.1
0,FJ435907.1
0,GU804036.1
0,HM386287.1
0,HM412119.1
0,HM412176.1
0,HM412241.1
0,HM412299.1
0,HM412522.1
0,HM412806.1
0,HM417269.1
0,HM417319.1
0,HM431940.1
0,HM435745.1
0,HQ552199.1
0,HQ577739.1
0,HQ581896.1
0,HQ581960.1
0,HQ582029.1
0,HQ583059.1
0,HQ944807.1
0,JF867516.1
0,JF873009.1
0,JN291497.1
0,JN301813.1
0,JN301999.1
0,JN302114.1
0,KJ418539.1
0,KJ418583.1
0,KJ418601.1
0,KJ418630.1
0,KJ418631.1
0,KJ418634.1
0,KJ418642.1
0,KJ418644.1
0,KP045341.1
0,KR384163.1
0,KR393498.1
0,KX950598.1
0,KY378178.1
0,KY378305.1
0,KY378320.1
0,MF441480.1
0,MF441481.1
0,MF441482.1
0,MW446173.1
0,MW446174.1
0,MW446175.1
0,MZ628262.1
0,AY875152.1
0,AY875155.1
0,AY875161.1
0,AY875162.1
0,EU435771.1
0,EU435772.1
0,EU435808.1
0,EU435814.1
0,EU435817.1
0,EU435822.1
0,EU435823.1
0,GU672777.1
0,GU672778.1
0,GU672779.1
0,HM412160.1
0,HM412261.1
0,HM412276.1
0,HM412679.1
0,HM860662.1
0,HQ581801.1
0,HQ581940.1
0,JF867322.1
0,JF868787.1
0,JN828337.1
0,JN828338.1
0,JN828342.1
0,JN828343.1
0,JN828353.1
0,JN828354.1
0,JN828357.1
0,JN828373.1
0,JN828374.1
0,JN828379.1
0,JN828380.1
0,JN828385.1
0,JN828387.1
0,JN828388.1
0,JN860439.1
0,JN860460.1
0,JN860464.1
0,JN860471.1
0,KF199849.1
0,MG968130.1
0,EU435845.1
0,EU435846.1
0,JN828304.1
0,JN828307.1
0,JN828313.1
0,JN837577.1
0,JN837578.1
0,JN837588.1
0,JN837568.1
0,JN828382.1
0,HM417417.1
0,HQ577823.1
0,HQ582012.1
0,JF874374.1
0,JN398334.1
0,JN398335.1
0,JN398336.1
0,KR646565.1
0,KR681834.1
0,KR683698.1
0,KR685164.1
0,KU876161.1
0,MN521155.1
0,MN521167.1
0,MN521168.1
0,AF104625.1
0,AF180987.1
0,AF180988.1
0,AF180998.1
0,AF180999.1
0,AF181000.1
0,AF181014.1
0,AF181015.1
0,AF181024.1
0,AF181026.1
0,EF531195.1
0,HM412683.1
0,HM862076.1
0,HM862080.1
0,KC192980.1
0,MN411131.1
0,MT483669.1
0,MZ623247.1
0,JF439542.1
0,FJ025646.2
0,GQ409355.1
0,GQ409374.1
0,JF439546.1
0,KP004860.1
0,KP004863.1
0,KP004864.1
0,KP004865.1
0,KP004867.1
0,KP004869.1
0,KP004874.1
0,KP004881.1
0,KP899688.1
0,MG290406.1
0,MZ622917.1
0,MZ624941.1
0,MZ628064.1
0,KP004805.1
0,KR712414.1
0,MG112467.1
0,JF513207.1
0,JF513227.1
0,JF513232.1
0,JF513246.1
0,JX196859.1
0,JX196860.1
0,JX196861.1
0,MH407232.1
0,MH407233.1
0,MW181236.1
0,GQ465781.1
0,HM416262.1
0,HM416328.1
0,HM416329.1
0,KM081612.1
0,KM081613.1
0,MZ128851.1
0,MZ128853.1
0,MZ128854.1
0,KC177565.1
0,KC176813.1
0,EU005474.1
0,EU005476.1
0,GU682395.1
0,GU712681.1
0,GU712682.1
0,GU712779.1
0,HM385072.1
0,HM385074.1
0,HM385077.1
0,HM385078.1
0,HM416255.1
0,HM416269.1
0,HM416272.1
0,HM416306.1
0,HM416327.1
0,HM416338.1
0,HM416341.1
0,HM416348.1
0,HQ560760.1
0,HQ982393.1
0,HQ982398.1
0,JN294737.1
0,JN294741.1
0,JN294750.1
0,JN302484.1
0,JN302490.1
0,JN302495.1
0,KC192958.1
0,KM934117.1
0,KM938324.1
0,KM961250.1
0,KR968992.1
0,KY114056.1
0,MF883621.1
0,MG097670.1
0,MT151794.1
0,MT151831.1
0,MT151833.1
0,MW114537.1
0,MW114539.1
0,MW114540.1
0,MW114548.1
0,MW114552.1
0,MW114556.1
0,MW114557.1
0,MW114561.1
0,MZ196744.1
0,MZ607556.1
0,MZ623031.1
0,MZ623432.1
0,MZ623434.1
0,MZ624186.1
0,MZ625203.1
0,MZ625348.1
0,MZ625846.1
0,OK065148.1
0,EU005513.1
0,KC177559.1
0,GU804179.1
0,GU804181.1
0,HM412302.1
0,HQ982318.1
0,JN294723.1
0,JN582213.1
0,JQ613856.1
0,KR601598.1
0,KY832221.1
0,MT253594.1
0,MT253595.1
0,MT516440.1
0,MZ608878.1
0,MZ629483.1
0,MZ632645.1
0,KT316871.1
0,AF547665.1
0,HM412120.1
0,HM412121.1
0,HM412322.1
0,KM952965.1
0,KM953270.1
0,KT316855.1
0,MK517412.1
0,OM552951.1
0,MG178171.1
0,OM037450.1
0,OM037452.1
0,GU804114.1
0,KJ730007.1
0,MZ227672.1
0,GU356690.1
0,AF547673.1
0,AF547674.1
0,FJ570648.1
0,FJ570649.1
0,HQ540304.1
0,FJ570668.1
0,FJ570669.1
0,FJ570670.1
0,HQ440970.1
0,KX684098.1
0,KX684145.1
0,KX684146.1
0,MW378481.1
0,MW378494.1
0,MW378504.1
0,MW378509.1
0,MW378531.1
0,MH042536.1
0,MH042537.1
0,MH042541.1
0,HM374183.1
0,HM412193.1
0,HM412194.1
0,JF867510.1
0,JF867512.1
0,JF868095.1
0,KC699430.1
0,KM438938.1
0,AY261684.1
0,GU559955.1
0,HM062540.1
0,KC699445.1
0,KC699446.1
0,KC699447.1
0,KC699448.1
0,KC699451.1
0,KC699456.1
0,KC699465.1
0,KC699466.1
0,KC699474.1
0,KM224507.1
0,LN610347.1
0,LN610372.1
0,GU559946.1
0,KR260240.1
0,HM413013.1
0,HM431963.1
0,HM860526.1
0,HM861218.1
0,HQ581730.1
0,HQ582084.1
0,JN291364.1
0,KR686736.1
0,KR690096.1
0,KR695386.1
0,GU559942.1
0,GU559944.1
0,MN787931.1
0,MN787933.1
0,MN787934.1
0,JF273051.1
0,JF273053.1
0,EF576931.1
0,EF576933.1
0,HM636455.1
0,HM636458.1
0,HQ270147.1
0,HQ701131.1
0,HQ842780.1
0,HQ842781.1
0,JF273069.1
0,EU493830.1
0,EF185147.1
0,EF185148.1
0,JF867627.1
0,KR262626.1
0,KR262636.1
0,MZ625591.1
0,AY573155.1
0,JF867341.1
0,KR262619.1
0,AY573145.1
0,EU484509.1
0,EU484510.1
0,EU484511.1
0,EU484562.1
0,EU484563.1
0,EU484564.1
0,HM433840.1
0,JF871868.1
0,JF872411.1
0,JN298746.1
0,KM939266.1
0,MN312021.1
0,MW596753.1
0,MW596755.1
0,MZ610027.1
0,MZ623556.1
0,MZ633524.1
0,GQ175806.1
0,GQ175810.1
0,GQ175811.1
0,DQ358979.1
0,DQ358980.1
0,DQ358984.1
0,AF360541.1
0,GQ175821.1
0,GQ175822.1
0,EU926804.1
0,GQ175813.1
0,GQ175814.1
0,AY037548.1
0,GQ175796.1
0,GQ175797.1
0,GQ175798.1
0,KM079219.1
0,HM412109.1
0,MK882936.1
0,EU926800.1
0,EU926845.1
0,GQ175824.1
0,KT221477.1
0,KT221479.1
0,U53265.1
0,KY428234.1
0,EU880183.1
0,EU880184.1
0,EU880185.1
0,GQ409335.1
0,JX438042.1
0,KY031857.1
0,MG967892.1
0,AY092759.1
0,FJ025607.2
0,GU804138.1
0,GU804139.1
0,HM639974.1
0,HM861025.1
0,KM856872.1
0,KX529560.1
0,MF695696.1
0,MF695708.1
0,MG967871.1
0,MH987764.1
0,MH987765.1
0,MH987767.1
0,MK167359.1
0,MK353338.1
0,MW200618.1
0,MZ623144.1
0,EF531202.1
0,AJ877309.1
0,AJ877310.1
0,AJ877311.1
0,KY555816.1
0,KY555817.1
0,KY555819.1
0,DQ534946.1
0,DQ534947.1
0,DQ534950.1
0,AY788414.1
0,JF415085.1
0,AY788421.1
0,DQ006869.1
0,DQ006870.1
0,DQ006871.1
0,JQ765817.1
0,JQ765823.1
0,JQ765830.1
0,EU493563.1
0,HM412216.1
0,HM412217.1
0,HM432815.1
0,HM883081.1
0,HM883102.1
0,HQ945298.1
0,HQ945302.1
0,HQ981305.1
0,HQ981473.1
0,HQ981774.1
0,HQ981854.1
0,HQ982165.1
0,JF867312.1
0,JF867574.1
0,JF867631.1
0,JF867823.1
0,JF867827.1
0,JF867835.1
0,JF868231.1
0,JF871017.1
0,JF871630.1
0,JF871665.1
0,JF873029.1
0,JF873397.1
0,JF874926.1
0,JF875838.1
0,KM570409.1
0,KM955633.1
0,KT782316.1
0,KU876141.1
0,KU876142.1
0,MG078402.1
0,MG081578.1
0,MG085325.1
0,MK353463.1
0,MN868791.1
0,OK065177.1
0,EU493694.1
0,EU493959.1
0,EU493562.1
0,EU493564.1
0,EU493821.1
0,EU493822.1
0,EU493693.1
0,DQ632000.1
0,DQ631972.1
0,DQ631978.1
0,DQ631988.1
0,DQ631991.1
0,KU215391.1
0,KU215392.1
0,MG967753.1
0,MG968134.1
0,MN411282.1
0,DQ631970.1
0,DQ631976.1
0,DQ631979.1
0,DQ631982.1
0,DQ631983.1
0,DQ631996.1
0,DQ631999.1
0,AF484025.1
0,EU271651.1
0,GU689774.1
0,GU689777.1
0,GU803945.1
0,GU804192.1
0,GU804193.1
0,HM399337.1
0,HM421626.1
0,HM435722.1
0,JF868491.1
0,JF868603.1
0,JF868741.1
0,JF868745.1
0,JF868823.1
0,JF868824.1
0,JN289685.1
0,JN289754.1
0,JN289755.1
0,KT733104.1
0,KT733135.1
0,KT733144.1
0,KT733238.1
0,KT733273.1
0,KT733297.1
0,KT733374.1
0,KT733375.1
0,KT733376.1
0,KT733403.1
0,KT733411.1
0,KT733469.1
0,MF059292.1
0,MG188871.1
0,MG188872.1
0,MG188873.1
0,MZ626381.1
0,KC193010.1
0,KC192961.1
0,KM923945.1
0,KU889867.1
0,KU889917.1
0,KC177567.1
0,KM923958.1
0,KM923959.1
0,KM923961.1
0,AY744182.1
0,AY744183.1
0,AY744184.1
0,DQ456926.1
0,HQ449169.1
0,JF716340.1
0,JF716344.1
0,HM412187.1
0,HM412278.1
0,HM412554.1
0,HM883106.1
0,HQ939222.1
0,HQ939435.1
0,HQ939436.1
0,HQ940960.1
0,JF867220.1
0,JF872068.1
0,JF875726.1
0,JF878346.1
0,JF878350.1
0,JF879086.1
0,JF879100.1
0,KP264877.1
0,KP264885.1
0,KP264887.1
0,MG086634.1
0,MG823473.1
0,MN868959.1
0,MT950804.1
0,MZ626038.1
0,MZ627651.1
0,GQ409336.1
0,JF439552.1
0,JQ246686.1
0,JQ246687.1
0,JQ246688.1
0,JQ246689.1
0,KR820704.1
0,KR820705.1
0,KR820706.1
0,KR820737.1
0,KR820739.1
0,KR820740.1
0,GQ409350.1
0,GQ409351.1
0,MK870077.1
0,KJ136802.1
0,KJ136806.1
0,KJ136803.1
0,HM412421.1
0,HQ551920.1
0,HQ582168.1
0,JF873641.1
0,JN291307.1
0,KM927685.1
0,KT278281.1
0,KT278282.1
0,AF547671.1
0,JF875042.1
0,JF875364.1
0,AF547683.1
0,HM412103.1
0,OL898461.1
0,OL898462.1
0,JF870866.1
0,JF870867.1
0,HQ440938.1
0,HM421317.1
0,HM421376.1
0,HM421493.1
0,HQ551717.1
0,HQ928464.1
0,MT535222.1
0,HM421320.1
0,HM421321.1
0,HM421373.1
0,GQ409319.1
0,GQ409359.1
0,JQ246674.1
0,MW358137.1
0,MW358138.1
0,MW358139.1
0,FN395171.1
0,FN395172.1
0,FN395173.1
0,KC177562.1
0,MN968299.1
0,AF484029.1
0,EU493688.1
0,EU493690.1
0,EU493691.1
0,EU493675.1
0,EU493933.1
0,EU493938.1
0,AY526196.1
0,EU836053.1
0,FJ025615.2
0,FJ025616.2
0,FJ025629.2
0,FJ025654.2
0,GU672781.1
0,GU689965.1
0,GU689966.1
0,HM375995.1
0,HM412314.1
0,HM412353.1
0,HM412374.1
0,HM412778.1
0,HM413299.1
0,HM861374.1
0,HM861485.1
0,HQ982300.1
0,JF868074.1
0,JN604567.1
0,JN604568.1
0,JX861431.1
0,JX861436.1
0,JX861437.1
0,JX861481.1
0,JX861482.1
0,KJ510617.1
0,KJ510626.1
0,KJ510635.1
0,KJ510642.1
0,KU932144.2
0,KU932145.1
0,KY937944.1
0,KY937945.1
0,MF511761.1
0,MF511762.1
0,MH155275.1
0,MN555649.1
0,MN555653.1
0,MN555654.1
0,MN555656.1
0,MN555658.1
0,MN555666.1
0,MN555668.1
0,MN555669.1
0,MT186607.1
0,MT186608.1
0,MT186609.1
0,MT216200.1
0,MT628566.1
0,AY097336.1
0,AY346450.1
0,AY346451.1
0,AF259516.1
0,JN604569.1
0,JN604570.1
0,KY435949.1
0,KY435953.1
0,KY749714.1
0,KY749715.1
0,KY749753.1
0,KY749754.1
0,KY749755.1
0,KY749756.1
0,MG967779.1
0,MK240350.1
0,MN172506.1
0,MN411251.1
0,MT027909.1
0,MT027910.1
0,MG925834.1
0,AF257115.1
0,AF257116.1
0,AF257118.1
0,AF257119.1
0,AF497766.1
0,AF497771.1
0,AF497772.1
0,EU181160.1
0,GQ409320.1
0,JF439549.1
0,JQ246700.1
0,KR230402.1
0,KR230403.1
0,KR231895.1
0,KR231896.1
0,KR231897.1
0,LC492460.1
0,MK045310.1
0,MK124731.1
0,MK593540.1
0,MK593542.1
0,MN212907.1
0,MN212908.1
0,MZ540419.1
0,MZ622818.1
0,ON000070.1
0,ON455008.1
0,ON912055.1
0,HQ334260.1
0,MK045311.1
0,MG925829.1
0,MG925830.1
0,KF021518.1
0,KF021519.1
0,KF021520.1
0,MK140068.1
0,MK140069.1
0,MK140070.1
0,KF725678.1
0,KF725679.1
0,KF725680.1
0,KJ174684.1
0,MK405668.1
0,MN182694.1
0,MW590964.1
0,MW590965.1
0,MW590973.1
0,MZ261709.1
0,MZ261712.1
0,MZ261720.1
0,ON358236.1
0,EF531196.1
0,EF531209.1
0,MF495993.1
0,MF496025.1
0,MF595984.1
0,GU803843.1
0,HM432790.1
0,HQ552010.1
0,HQ440952.1
0,AB704929.1
0,HQ440969.1
0,EF531198.1
0,EF531203.1
0,KU738388.1
0,KU738389.1
0,KU738395.1
0,MT396271.1
0,MT396272.1
0,MT396273.1
9,LC476953.1
9,MW000192.1
9,MH318681.1
9,MH318683.1
9,MH318696.1
9,JQ613777.1
9,KU949271.1
9,MK906528.1
9,MG554156.1
9,MT446786.1
9,OL741615.1
9,KJ136763.1
9,KJ136764.1
9,AF353551.1
9,AF353552.1
9,AF353559.1
9,AF184029.1
9,MT662249.1
9,GU597377.1
9,GU597411.1
9,GU597412.1
9,GQ409268.1
9,JQ246641.1
9,KY945989.1
9,DQ656964.1
9,FJ025528.1
9,MT809163.1
9,MT809164.1
9,MK235185.1
9,MT809172.1
9,MK070551.1
9,JF806640.1
9,JQ246626.1
9,JQ246627.1
9,JQ246628.1
9,KM506761.1
9,JQ246578.1
9,JQ246580.1
9,AY349494.1
9,AY349496.1
9,AY349497.1
9,MN833444.1
9,DQ656961.1
9,DQ656962.1
9,FJ025514.1
9,LC361445.1
9,AB466043.1
9,KP260743.1
9,KP954356.1
9,MK070830.1
9,MK070617.1
9,AB466074.1
9,AB699987.1
9,AB699988.1
9,AB699990.1
9,AB699997.1
9,MK070690.1
9,AB466088.1
9,AB466103.1
9,AF366654.1
9,MK070605.1
9,MK070610.1
9,MK070613.1
9,MK070700.1
9,MK070701.1
9,MK070782.1
9,MK070567.1
9,AB466097.1
9,MK070559.1
9,MK070719.1
9,MK070728.1
9,MK070729.1
9,MK070769.1
9,MK070770.1
9,AB466107.1
9,MK070620.1
9,MH510224.1
9,LC164761.1
9,KC435611.1
9,KJ136751.1
9,KJ136758.1
9,MF045802.1
9,MG979161.1
9,MH114252.1
9,MH114269.1
9,MH114271.1
9,MH114272.1
9,MH114273.1
9,MH114283.1
9,OL741622.1
9,MG554154.1
9,MG979142.1
9,MG979143.1
9,MG979180.1
9,MG979183.1
9,MT446780.1
9,MT446781.1
9,MT446783.1
9,MT446873.1
9,KF687611.1
9,KF687542.1
9,KF687543.1
9,AY820905.1
9,AY820931.1
9,JF894350.1
9,AF184038.1
9,AF184020.1
9,MG684636.1
9,MG684639.1
9,MG684649.1
9,MG684663.1
9,MG684665.1
9,MG684671.1
9,MG684672.1
9,MN201203.1
9,MN201224.1
9,MN201228.1
9,MN201230.1
9,MN201236.1
9,MN201270.1
9,MN201271.1
9,MN201272.1
9,MN201291.1
9,MN201307.1
9,FD933747.1
9,OK050134.1
9,OK050135.1
9,OK050136.1
9,U10137.1
9,X02482.1
9,X93402.1
9,AF147103.1
9,AJ296805.1
9,X89649.1
9,AF007297.1
9,HQ440860.1
9,KX453712.1
9,AF007298.1
9,X89647.1
9,KF826475.1
9,KJ730016.1
9,OM722109.1
9,KX453714.1
9,X93386.1
9,X93404.1
9,X93394.1
9,AF238524.1
9,DQ168766.2
9,AF238502.1
9,EF417074.1
9,LC012540.1
9,ON782657.1
9,ON782658.1
9,AF238548.1
9,AF238507.1
9,AF238508.1
9,AF238521.1
9,AF238553.1
9,AF238554.1
9,AF238565.1
9,AF238570.1
9,KC592513.1
9,KC592514.1
9,KC592523.1
9,KC592540.1
9,KC592542.1
9,KM243394.1
9,KM243395.1
9,KM243396.1
9,KM243403.1
9,KM243404.1
9,KM243405.1
9,KM243419.1
9,KM243420.1
9,KM243422.1
9,KM243423.1
9,KM243424.1
9,KM243461.1
9,KM243462.1
9,KM243463.1
9,KM243464.1
9,KM243469.1
9,KM243475.1
9,KM243479.1
9,KM243483.1
9,MK034468.1
9,MK039530.1
9,AF238546.1
9,AF238530.1
9,AF238529.1
9,AF238550.1
9,AF238526.1
9,AF238504.1
9,AY261724.1
9,AY261749.1
9,EF127392.1
9,EF127405.1
9,EF127406.1
9,EF127419.1
9,EF127439.1
9,EU241801.1
9,EU431446.1
9,EU431449.1
9,EU431450.1
9,EU431474.1
9,HE797752.1
9,HE797757.1
9,HE797762.1
9,HF542926.1
9,HF542927.1
9,HF585654.1
9,HF585674.1
9,HF585675.1
9,HF585680.1
9,KJ158455.1
9,KM224492.1
9,KM224493.1
9,KM270842.1
9,KM270846.1
9,KP698522.1
9,KP698536.1
9,KP698540.1
9,KP698548.1
9,KP698554.1
9,KP698558.1
9,MF446467.1
9,MF446469.1
9,MF446470.1
9,MF446473.1
9,MF446481.1
9,MF446489.1
9,MF446490.1
9,MF446492.1
9,MH426730.1
9,MH430040.1
9,MH430041.1
9,MH430044.1
9,MH430045.1
9,MH430054.1
9,MH492483.1
9,MN888580.1
9,MT256944.1
9,MT449562.1
9,MT449563.1
9,MG471411.1
9,FM164663.1
9,FM164694.1
9,FM164695.1
9,FM164696.1
9,FM212844.1
9,FM212857.1
9,AY123361.1
9,KT186678.1
9,KT186679.1
9,KT186680.1
9,KT186696.1
9,KT956373.1
9,KT956426.1
9,MZ356486.1
9,MZ356487.1
9,AF503022.1
9,AF503001.1
9,EF104839.1
9,EF104840.1
9,KJ418494.1
9,KJ418495.1
9,KJ418507.1
9,KJ418508.1
9,KJ418510.1
9,KJ418521.1
9,KJ418522.1
9,KJ418524.1
9,KJ418525.1
9,KT624603.1
9,MF141915.1
9,MF141919.1
9,MH878829.1
9,MH878830.1
9,KJ418706.1
9,EU435747.1
9,EU435756.1
9,EU435758.1
9,JN828252.1
9,JN828253.1
9,JN828258.1
9,JN828263.1
9,JN828266.1
9,JN828267.1
9,JN828268.1
9,JN828270.1
9,JN828283.1
9,JN828284.1
9,JN828289.1
9,JN828290.1
9,JN828291.1
9,JN828292.1
9,JN828294.1
9,JN828295.1
9,JN828297.1
9,KF199625.1
9,KJ766318.1
9,KJ766320.1
9,AY875121.1
9,AY875124.1
9,JN828271.1
9,JN837497.1
9,JN837499.1
9,JN837518.1
9,JN837527.1
9,DQ656979.1
9,DQ656980.1
9,DQ656984.1
9,DQ656988.1
9,DQ656999.1
9,DQ657011.1
9,DQ657012.1
9,DQ657013.1
9,DQ657015.1
9,DQ657021.1
9,DQ657023.1
9,DQ657028.1
9,GQ409251.1
9,KP004564.1
9,KP004601.1
9,GQ409267.1
9,KP004514.1
9,KP004520.1
9,KP004524.1
9,KP004526.1
9,KP004528.1
9,KP004529.1
9,KP004545.1
9,KP004548.1
9,KP004549.1
9,KP260737.1
9,KP954371.1
9,KY945991.1
9,MK070751.1
9,MK070768.1
9,MK070803.1
9,JQ613760.1
9,MT446865.1
9,KP288802.1
9,KP288820.1
9,KP288819.1
9,HQ440731.1
9,X89640.1
9,KF286390.1
9,KF286391.1
9,KF286393.1
9,GU356708.1
9,FJ570568.1
9,FJ570569.1
9,FJ570570.1
9,FJ570586.1
9,KT633427.1
9,KT633435.1
9,HQ440807.1
9,KX684068.1
9,KX684070.1
9,KX684071.1
9,MW198061.1
9,MW378408.1
9,MW378419.1
9,MW378424.1
9,MW378466.1
9,KC699360.1
9,KC699361.1
9,KC699362.1
9,KC699366.1
9,KC699375.1
9,KC699376.1
9,KC699382.1
9,KC699383.1
9,AF503014.1
9,AF502993.1
9,GU559925.1
9,AF503017.1
9,AF502996.1
9,KX529295.1
9,KX529296.1
9,KX529297.1
9,GU559921.1
9,GU559923.1
9,MN833422.1
9,MN833426.1
9,HQ842732.1
9,HQ842733.1
9,JF313851.1
9,JF313857.1
9,KC192892.1
9,KC192893.1
9,MH371814.1
9,MH371890.1
9,MH372310.1
9,AY123364.1
9,MN331907.1
9,MN331908.1
9,MN331916.1
9,MN331928.1
9,AY123370.1
9,OM569801.1
9,OM569802.1
9,OM569803.1
9,AB466112.1
9,GQ409248.1
9,JQ246616.1
9,JQ246617.1
9,KP723295.1
9,KX529601.1
9,FJ025504.1
9,FR719281.1
9,JQ246605.1
9,JQ246606.1
9,KX529519.1
9,MH699114.1
9,MH699121.1
9,MH699123.1
9,KP723296.1
9,MT812368.1
9,MT812372.1
9,MT812374.1
9,X89646.1
9,AF007365.1
9,EF417075.1
9,EU276946.1
9,EU276960.1
9,EU276962.1
9,MF141916.1
9,MF141917.1
9,MF141918.1
9,GU597408.1
9,GU597409.1
9,GU597373.1
9,GU597374.1
9,MT662243.1
9,AY144434.1
9,AY144441.1
9,AY144397.1
9,AY144414.1
9,AY144416.1
9,AY144418.1
9,AY144422.1
9,AY144435.1
9,AY144437.1
9,AY456156.1
9,HM183030.1
9,AY456144.1
9,MH793699.1
9,AY456146.1
9,AY144436.1
9,AY325045.1
9,AY325046.1
9,AY325047.1
9,AY325053.1
9,AY325069.1
9,AY456147.1
9,AY456149.1
9,EF650187.1
9,AY521750.1
9,AY521748.1
9,AF147856.1
9,AY456159.1
9,DQ250922.1
9,DQ250923.1
9,HM183034.1
9,AY521749.1
9,AF503083.1
9,AF503093.1
9,AF503094.1
9,AF503114.1
9,DQ496189.1
9,DQ496198.1
9,DQ496208.1
9,DQ508416.1
9,AF503038.1
9,AF503048.1
9,AF503068.1
9,FJ808315.1
9,HQ317381.1
9,HQ317382.1
9,JQ246632.1
9,JQ246633.1
9,KP260734.1
9,KP954372.1
9,KR820887.1
9,KR820888.1
9,KR820889.1
9,KR820891.1
9,KR820909.1
9,KR820925.1
9,KR820926.1
9,KR820927.1
9,GQ409262.1
9,KR820886.1
9,MG554153.1
9,MT446785.1
9,MT446874.1
9,MT446800.1
9,MT446819.1
9,MT446861.1
9,MT446864.1
9,MW078484.1
9,MW078485.1
9,HQ440777.1
9,KJ438978.1
9,KJ438983.1
9,JQ246619.1
9,GU562875.1
9,MK450130.1
9,GU597394.1
9,GU597431.1
9,GU597433.1
9,LC061523.1
9,LC061524.1
9,LC061530.1
9,FJ025518.1
9,FJ025519.1
9,FJ025520.1
9,FJ025558.1
9,GQ409261.1
9,JQ246652.1
9,KJ476339.1
9,KJ476348.1
9,KJ476354.1
9,KJ476357.1
9,KJ476360.1
9,KJ476361.1
9,EU851271.1
9,EU851272.1
9,AF503025.1
9,KP730049.1
9,KP730051.1
9,MT198953.1
9,KP940387.1
9,KP940389.1
9,KP940390.1
9,JX219269.1
9,JX219270.1
9,JX292016.1
9,JQ246649.1
9,JQ246650.1
9,KP260730.1
9,KP954361.1
9,AY332539.1
9,AY332540.1
9,AY332541.1
9,MN204022.1
9,MN204032.1
9,MN204033.1
9,KP974980.1
9,KP974981.1
9,KP974983.1
9,JQ613780.1
9,KU949319.1
9,MT446871.1
9,HQ440789.1
9,HQ440806.1
9,MN833432.1
9,MN833478.1
10,AY174459.1
10,AY212788.1
10,AY212794.1
10,AY261688.1
10,AY261689.1
10,AY261690.1
10,AY261694.1
10,AY261702.1
10,AY261703.1
10,AY533351.1
10,DQ337675.1
10,DQ337702.1
10,DQ337703.1
10,DQ417498.1
10,EF127313.1
10,EF127324.1
10,EF127325.1
10,EF127358.1
10,EU241753.1
10,EU431478.1
10,EU431480.1
10,EU431482.1
10,EU431505.1
10,EU431506.1
10,FM178086.1
10,FM213105.1
10,FM213106.1
10,GU689827.1
10,GU689983.1
10,GU689984.1
10,GU803823.1
10,GU803825.1
10,HF547906.1
10,HF547919.1
10,HG810944.1
10,HM412420.1
10,HM412543.1
10,HM412630.1
10,HM412638.1
10,HM413033.1
10,HQ944873.1
10,HQ944874.1
10,HQ944918.1
10,JF869139.1
10,JF869140.1
10,JF869141.1
10,JF869350.1
10,JN302208.1
10,KJ158454.1
10,KM224508.1
10,KM224509.1
10,KM270874.1
10,KM270877.1
10,KP402778.1
10,KP402779.1
10,KP402788.1
10,KP402812.1
10,KP402833.1
10,KR262635.1
10,KU216212.1
10,KX054266.1
10,KX054267.1
10,KX054268.1
10,KY392540.1
10,KY392541.1
10,KY392542.1
10,LT592267.1
10,LT592268.1
10,MF446517.1
10,MF446519.1
10,MF446521.1
10,MF446525.1
10,MF446533.1
10,MF446541.1
10,MF446542.1
10,MF446544.1
10,MF446560.1
10,MH511654.1
10,MK751129.1
10,MK959053.1
10,MK959055.1
10,MN015562.1
10,MN514088.1
10,MN562427.1
10,MN562428.1
10,MN621918.1
10,MN992671.1
10,MT216196.1
10,MT216199.1
10,MT216202.1
10,MT449490.1
10,MT449491.1
10,MT449492.1
10,MW473945.1
10,MW473953.1
10,MW473964.1
10,MW473991.1
10,MW474007.1
10,MW474043.1
10,MW474051.1
10,MW474055.1
10,MW474082.1
10,MW474095.1
10,MZ629693.1
12,DI336688.1
12,MH318905.1
12,MH318906.1
12,MH318910.1
12,JQ613917.1
12,JQ613947.1
12,JQ613978.1
12,MH114518.1
12,MG554125.1
12,KJ136698.1
12,JQ613954.1
12,KJ136726.1
12,KJ136727.1
12,KJ136691.1
12,KJ136692.1
12,EU494532.1
12,EU494533.1
12,EU494534.1
12,GQ409423.1
12,JQ246744.1
12,GQ409092.1
12,AY123350.1
12,AY573114.1
12,AY573074.1
12,AY573101.1
12,DQ657054.1
12,FJ025724.1
12,FJ025741.1
12,KC177595.1
12,MT819969.1
12,MT819970.1
12,MT819975.1
12,DQ656887.1
12,FJ025403.1
12,MT809147.1
12,FJ025444.1
12,FJ025465.1
12,KC176848.1
12,MT819978.1
12,MT809156.1
12,AF126341.1
12,AF126352.1
12,AF126313.1
12,JQ246730.1
12,JQ246731.1
12,AM094094.1
12,AB761134.1
12,AB761135.1
12,L02401.1
12,DQ657051.1
12,DQ657052.1
12,DQ656884.1
12,HM192802.2
12,MT047293.1
12,MT047299.1
12,MT047327.1
12,AB257233.1
12,AB257234.1
12,AB465902.1
12,AB465921.1
12,AB465943.1
12,AB465951.1
12,AB465957.1
12,AB465961.1
12,AB699948.1
12,AF322432.1
12,FJ913860.1
12,HM770488.1
12,KC177447.1
12,MK685318.1
12,AB699927.1
12,AY573067.1
12,FJ913868.1
12,HM770469.1
12,AY573136.1
12,AY573104.1
12,AM259629.1
12,AY573128.1
12,GQ175863.1
12,AY573093.1
12,AY573125.1
12,KR262600.1
12,KR262573.1
12,KC435689.1
12,MF045805.1
12,MH114457.1
12,MH114458.1
12,MH114494.1
12,MH114496.1
12,MH114497.1
12,MH114498.1
12,MH114499.1
12,MH114512.1
12,MT446964.1
12,MT446965.1
12,MT447038.1
12,FJ172005.1
12,FJ172020.1
12,KU949185.1
12,KU949186.1
12,MT446629.1
12,MG979072.1
12,MG979082.1
12,MG979083.1
12,MG979089.1
12,MG979106.1
12,MG979108.1
12,MT446554.1
12,KF687425.1
12,KF687426.1
12,AF164593.1
12,AF164591.1
12,AF164592.1
12,EW780272.1
12,MG684505.1
12,MG684526.1
12,MG684527.1
12,MN201447.1
12,MN201451.1
12,MN201452.1
12,MN201454.1
12,MN201461.1
12,MN201465.1
12,MN201470.1
12,MN201471.1
12,MN201472.1
12,MN201519.1
12,JX501194.1
12,JX501203.1
12,KC769270.1
12,KC769271.1
12,JQ613903.1
12,JQ613906.1
12,JQ613928.1
12,KX453700.1
12,KX453692.1
12,AF049471.1
12,KT027190.1
12,KT027191.1
12,KT027192.1
12,KX453702.1
12,KX453694.1
12,AF049469.1
12,JQ767022.1
12,JQ767035.1
12,JQ767036.1
12,JQ766970.1
12,JQ766973.1
12,JQ766990.1
12,JQ766994.1
12,KP288727.1
12,KP288695.1
12,GU947410.1
12,GU947414.1
12,GU947418.1
12,GU947422.1
12,GU947430.1
12,GU947377.1
12,GU947378.1
12,GU947380.1
12,GU947381.1
12,GU947383.1
12,GU947385.1
12,GU947386.1
12,GU947387.1
12,GU947388.1
12,GU947389.1
12,GU947390.1
12,GU947394.1
12,GU947397.1
12,MG823632.1
12,MG823634.1
12,KC177588.1
12,KC176841.1
12,KC177453.1
12,HM062568.1
12,KP402839.1
12,KP402840.1
12,KP402841.1
12,KP402870.1
12,KP402888.1
12,KP402889.1
12,MG823618.1
12,MT011264.1
12,MT011265.1
12,MT011268.1
12,MT011353.1
12,MT011355.1
12,MT011356.1
12,MT011357.1
12,MT011360.1
12,MT011361.1
12,MT011377.1
12,MT011378.1
12,MT011379.1
12,AY573077.1
12,KP402930.1
12,KP037252.1
12,KP037253.1
12,KP037254.1
12,JN664600.1
12,HM062550.1
12,JN664835.1
12,JN664842.1
12,JN664851.1
12,JN664867.1
12,JN664868.1
12,JN664869.1
12,KC177596.1
12,AY123349.1
12,KC177452.1
12,HM062592.1
12,JN664644.1
12,KT186736.1
12,KT186737.1
12,KT186739.1
12,AF304730.1
12,AF304735.1
12,AF304743.1
12,AF304745.1
12,KT186650.1
12,KT186668.1
12,JN664892.1
12,KR262610.1
12,KR262583.1
12,KT956319.1
12,KT956341.1
12,MZ357812.1
12,MG823633.1
12,AY573112.1
12,AY573071.1
12,KM287343.1
12,KM287345.1
12,KM287346.1
12,AF154794.1
12,AF154718.1
12,EU268537.1
12,EU268547.1
12,KJ418479.1
12,KJ418480.1
12,MF141914.1
12,EU268505.1
12,EU268511.1
12,EU268521.1
12,KJ418441.1
12,KJ418442.1
12,KJ418458.1
12,KJ418459.1
12,KJ418646.1
12,KJ418652.1
12,KJ418653.1
12,KJ418660.1
12,KJ418662.1
12,EU435903.1
12,EU435904.1
12,EU435939.1
12,EU435959.1
12,EU435960.1
12,JN828394.1
12,JN828401.1
12,JN828413.1
12,JN828414.1
12,JN828415.1
12,JN828416.1
12,JN828417.1
12,KC177590.1
12,KF199721.1
12,EU435518.1
12,JN828139.1
12,JN828140.1
12,JN828144.1
12,JN828146.1
12,JN828157.1
12,JN828158.1
12,JN828162.1
12,JN828163.1
12,JN828179.1
12,JN828180.1
12,JN828186.1
12,JN828187.1
12,JN828189.1
12,AF403446.1
12,AF403449.1
12,AY875090.1
12,AY875093.1
12,JN816285.1
12,JN828205.1
12,JN828211.1
12,JN828215.1
12,JN828239.1
12,KC176843.1
12,JN398354.1
12,DQ657069.1
12,DQ657070.1
12,DQ657071.1
12,DQ657072.1
12,DQ657088.1
12,DQ657089.1
12,DQ657098.1
12,DQ657099.1
12,DQ657101.1
12,DQ657105.1
12,KC177602.1
12,DQ656901.1
12,DQ656921.1
12,DQ656938.1
12,DQ648655.1
12,DQ648692.1
12,KC176856.1
12,KC177445.1
12,GQ409406.1
12,AF086859.1
12,GQ409075.1
12,FJ025742.1
12,KP004812.1
12,KP004817.1
12,KP004818.1
12,KP004819.1
12,KP004820.1
12,KP004825.1
12,KP004828.1
12,KP004838.1
12,KP004841.1
12,KP004851.1
12,KP004852.1
12,KP004853.1
12,KP004682.1
12,KP004699.1
12,FJ025404.1
12,KP004609.1
12,KP004629.1
12,AF049468.1
12,KC177472.1
12,KC177462.1
12,KC177582.1
12,KC176834.1
12,KC177457.1
12,MH114506.1
12,JQ613956.1
12,KJ136725.1
12,KJ136690.1
12,KP288687.1
12,KP288705.1
12,KP288719.1
12,KP288736.1
12,KP288704.1
12,KX453698.1
12,KP288686.1
12,MK356391.1
12,MK356392.1
12,MK356393.1
12,DQ364965.1
12,AY263804.1
12,AY263805.1
12,DQ364963.1
12,DQ364964.1
12,DQ469566.1
12,EF472587.1
12,EF472589.1
12,MT185685.1
12,HM062563.1
12,KC699388.1
12,KC699397.1
12,KC699398.1
12,KC699404.1
12,KC699406.1
12,KC699324.1
12,KC699339.1
12,KC699347.1
12,KC699263.1
12,KC699264.1
12,KC699266.1
12,KC699287.1
12,KC699290.1
12,KC699295.1
12,KC699299.1
12,GU559977.1
12,GU559968.1
12,JN196447.1
12,GU559903.1
12,GU559960.1
12,GU559961.1
12,GU559963.1
12,GU559966.1
12,HM357193.1
12,JN196444.1
12,KX529116.1
12,KX529117.1
12,MG823635.1
12,EU494200.1
12,EU494303.1
12,EU494085.1
12,KP730830.1
12,KP730831.1
12,AY573070.1
12,AY573075.1
12,AY573080.1
12,AY037484.1
12,AF177121.1
12,AY573111.1
12,AY573118.1
12,JZ922866.1
12,JZ922874.1
12,JZ923025.1
12,AF360517.1
12,AF360530.1
12,AY037522.1
12,DQ471381.1
12,DQ471382.1
12,DQ471385.1
12,DQ471386.1
12,DQ471388.1
12,DQ471389.1
12,DQ471391.1
12,DQ471392.1
12,DQ471402.1
12,DQ471411.1
12,DQ471412.1
12,DQ471413.1
12,DQ471419.1
12,DQ471420.1
12,DQ471421.1
12,DQ471422.1
12,GQ175835.1
12,GQ175848.1
12,GQ175850.1
12,GQ175851.1
12,GQ175853.1
12,GQ175858.1
12,GQ175859.1
12,MN331971.1
12,MN331977.1
12,MN331982.1
12,U39378.2
12,EU926868.1
12,AY037494.1
12,AY037506.1
12,EU926864.1
12,EU926916.1
12,AY037490.1
12,AF177127.1
12,AF177136.1
12,U39415.2
12,U39420.2
12,U39433.2
12,KY427957.1
12,GQ409134.1
12,JQ246720.1
12,JQ246721.1
12,JQ307758.1
12,GQ409072.1
12,GQ409403.1
12,FJ025709.1
12,MK105590.1
12,MK105593.1
12,MK105594.1
12,FJ025428.1
12,MH703519.1
12,MH703523.1
12,MH703525.1
12,FJ025369.1
12,FK703887.1
12,MT410846.1
12,AF333464.1
12,AF333467.1
12,DQ006895.1
12,EU926927.1
12,EU926859.1
12,AB048739.1
12,AB048740.1
12,EU494195.1
12,EU494196.1
12,EU494297.1
12,EU494419.1
12,EU494082.1
12,EU494081.1
12,EU494194.1
12,EU494418.1
12,MT990775.1
12,AY140854.1
12,AY140859.1
12,AY140862.1
12,AY140864.1
12,AY140865.1
12,AY140867.1
12,AY140876.1
12,AY140878.1
12,AY140879.1
12,AY140890.1
12,DQ537936.1
12,KU215393.1
12,KU215394.1
12,MH793691.1
12,AY324983.1
12,AY324984.1
12,AY324985.1
12,AY324991.1
12,KM878933.1
12,KM878960.1
12,KM878961.1
12,KM878962.1
12,MH036027.1
12,MH036028.1
12,MN417790.1
12,MH014802.1
12,MH014803.1
12,MH014807.1
12,MN417773.1
12,AJ391514.1
12,AJ391523.1
12,AJ391524.1
12,AJ391525.1
12,AJ271846.1
12,KC177585.1
12,KC176838.1
12,KC177450.1
12,HQ448985.1
12,HQ449003.1
12,HQ449004.1
12,HQ449006.1
12,HQ449032.1
12,FJ808092.1
12,AY744224.1
12,FJ808451.1
12,FJ808461.1
12,FJ808462.1
12,MG823607.1
12,MG823610.1
12,MG823614.1
12,MG823615.1
12,MG823639.1
12,MG823643.1
12,MG823653.1
12,MG823655.1
12,MH755984.1
12,HM748975.1
12,KR820850.1
12,KR820851.1
12,KR820852.1
12,KR820862.1
12,KR820864.1
12,KR820866.1
12,KR820870.1
12,KR820876.1
12,KR820881.1
12,KR820882.1
12,KR820884.1
12,GQ409404.1
12,GQ409419.1
12,KY749705.1
12,KY749707.1
12,KJ136809.1
12,KJ136810.1
12,KJ136815.1
12,KU949170.1
12,KU949171.1
12,KU949172.1
12,MT446997.1
12,MG049757.1
12,MT446513.1
12,DQ287368.1
12,JZ351989.1
12,GQ409389.1
12,GQ409426.1
12,GQ409095.1
12,AF164590.1
12,MW373821.1
12,GU361989.1
12,GU362000.1
12,DV254258.1
12,DV389147.1
12,KY744197.1
12,KY744200.1
12,KY744202.1
12,KC176836.1
12,KC177440.1
12,EU494536.1
12,EU494538.1
12,EU494416.1
12,EU494402.1
12,EU494405.1
12,EU494406.1
12,FJ025716.1
12,FJ025717.1
12,FJ025726.1
12,FJ025727.1
12,FJ025728.1
12,FJ025735.1
12,FJ025736.1
12,KJ510551.1
12,KJ510568.1
12,KJ510570.1
12,KJ510571.1
12,KJ510572.1
12,KU932174.1
12,KU932175.2
12,KU932176.1
12,MN555679.1
12,MN555682.1
12,MN555684.1
12,MN555688.1
12,MN555689.1
12,MN555690.1
12,FJ025375.1
12,FJ025412.1
12,KJ476269.1
12,KJ476285.1
12,GO477804.1
12,GO477805.1
12,KJ476305.1
12,FJ025472.1
12,KJ476321.1
12,MW719080.1
12,MW719081.1
12,MW719082.1
12,JG431094.2
12,JG422712.2
12,JG426251.2
12,KF038379.1
12,KF038380.1
12,KF038381.1
12,KY586975.1
12,KY586976.1
12,KY586977.1
12,KY749635.1
12,KY749636.1
12,KY749637.1
12,KY749675.1
12,KY749676.1
12,KY749677.1
12,KY749678.1
12,GQ409391.1
12,JQ246753.1
12,JQ246754.1
12,KR820848.1
12,MG755263.1
12,ON059972.1
12,AF151388.1
12,AF151389.1
12,HM177245.1
12,HM177247.1
12,HM177249.1
12,MG925840.1
12,MG925839.1
12,KR230430.1
12,KR230431.1
12,KR230432.1
12,ON457622.1
12,ON457623.1
12,JQ246598.1
12,AB632582.1
12,AB632584.1
12,AB632585.1
12,EF531104.1
12,EF531107.1
12,MF495915.1
12,MF495916.1
12,MF495923.1
12,MF495924.1
12,MF495926.1
12,MF495941.1
12,MK732969.1
12,MT337409.1
12,MT337410.1
12,MT337413.1
12,KC700584.1
12,KC700585.1
12,KC700586.1
12,JQ613908.1
12,KU949183.1
12,KU949184.1
12,FN180536.1
12,KC177604.1
12,KC176858.1
12,FM966086.1
12,AF126311.1
12,FN181376.1
12,KC177442.1
13,AY174459.1
13,AY212788.1
13,AY212794.1
13,AY261688.1
13,AY261689.1
13,AY261690.1
13,AY261694.1
13,AY261702.1
13,AY261703.1
13,AY533351.1
13,DQ417498.1
13,EF127313.1
13,EF127324.1
13,EF127325.1
13,EF127358.1
13,EU241753.1
13,EU431478.1
13,EU431480.1
13,EU431482.1
13,EU431505.1
13,EU431506.1
13,GU689827.1
13,GU689983.1
13,GU689984.1
13,GU803823.1
13,GU803825.1
13,HG810944.1
13,HM412420.1
13,HM412638.1
13,HM413033.1
13,HQ944873.1
13,HQ944874.1
13,HQ944918.1
13,JF869139.1
13,JF869140.1
13,JF869141.1
13,JF869350.1
13,JN302208.1
13,KJ158454.1
13,KM224508.1
13,KM224509.1
13,KM270874.1
13,KM270877.1
13,KP402778.1
13,KP402779.1
13,KP402788.1
13,KP402812.1
13,KP402833.1
13,KR262635.1
13,KU216212.1
13,KX054266.1
13,KX054267.1
13,KX054268.1
13,KY392540.1
13,KY392541.1
13,KY392542.1
13,LT592267.1
13,LT592268.1
13,MF446517.1
13,MF446519.1
13,MF446521.1
13,MF446525.1
13,MF446533.1
13,MF446541.1
13,MF446542.1
13,MF446544.1
13,MF446560.1
13,MH511654.1
13,MK751129.1
13,MK959053.1
13,MK959055.1
13,MN015562.1
13,MN514088.1
13,MN562427.1
13,MN562428.1
13,MN621918.1
13,MT216196.1
13,MT216199.1
13,MT216202.1
13,MT449490.1
13,MT449491.1
13,MT449492.1
13,MW473945.1
13,MW473953.1
13,MW473964.1
13,MW473991.1
13,MW474007.1
13,MW474043.1
13,MW474051.1
13,MW474055.1
13,MW474082.1
13,MW474095.1
16,EF104649.1
16,EF104650.1
16,EF104651.1
16,EF104655.1
16,EF104663.1
16,EF104664.1
16,EF104665.1
16,EF104734.1
16,EF494670.1
16,EF494671.1
16,EU219613.1
16,EU219614.1
16,EU367522.1
16,FJ435888.1
16,FJ435889.1
16,FJ435891.1
16,FJ435892.1
16,FJ435903.1
16,FJ435906.1
16,FJ435907.1
16,GU804036.1
16,HM386287.1
16,HM412119.1
16,HM412176.1
16,HM412241.1
16,HM412299.1
16,HM412522.1
16,HM412806.1
16,HM417269.1
16,HM417319.1
16,HM431940.1
16,HM435745.1
16,HQ552199.1
16,HQ577739.1
16,HQ581896.1
16,HQ581960.1
16,HQ582029.1
16,HQ583059.1
16,HQ944807.1
16,JF867516.1
16,JF873009.1
16,JN291497.1
16,JN301813.1
16,JN301999.1
16,JN302114.1
16,KJ418539.1
16,KJ418583.1
16,KJ418601.1
16,KJ418630.1
16,KJ418631.1
16,KJ418634.1
16,KJ418642.1
16,KJ418644.1
16,KP045341.1
16,KR384163.1
16,KR393498.1
16,KX950598.1
16,KY378178.1
16,KY378305.1
16,KY378320.1
16,MF441480.1
16,MF441481.1
16,MF441482.1
16,MW446173.1
16,MW446174.1
16,MW446175.1
16,MZ628262.1
63,MG701312.1
63,KC178383.1
63,KC178130.1
63,KC177263.1
63,AF293031.1
63,AF293047.1
63,AF293055.1
63,KC177259.1
63,MT047351.1
63,MT047356.1
63,MT047386.1
63,AB257257.1
63,AB257258.1
63,AB700043.1
63,KC178128.1
63,MT879164.1
63,MT879165.1
63,MT879166.1
63,EW780642.1
63,HQ435316.1
63,HQ435315.1
63,KY567722.1
63,KY567723.1
63,KY567724.1
63,CK149973.1
63,CK150982.1
63,KC178133.1
63,KC177256.1
63,MN558772.1
63,MN558773.1
63,MN558774.1
63,KC178115.1
63,KC177264.1
63,KC178134.1
63,KC178122.1
63,KC177258.1
63,KC178389.1
63,KC178129.1
63,KC177271.1
63,KC178373.1
63,KC178121.1
63,KC177250.1
63,AY842691.1
63,AY842697.1
63,AY842698.1
63,AY842721.1
63,AY842730.1
63,AY842732.1
63,FR747420.1
63,FR747820.1
63,KC749958.1
63,GT156841.1
63,HS416070.1
63,AY792178.1
63,AY792179.1
63,AY792180.1
63,KM453493.1
63,KM453495.1
63,KF514115.1
63,MT990772.1
63,MT990771.1
63,KC178375.1
63,KC178117.1
63,KC177253.1
63,KY749625.1
63,KY749627.1
63,JQ863094.1
63,JQ863095.1
63,JQ863096.1
63,HQ724608.1
63,HQ724609.1
63,HQ724611.1
63,KC178371.1
63,KC178126.1
63,GQ223300.1
63,ES608492.1
63,AY842712.1
63,AY842714.1
63,JG421228.2
63,GQ223315.1
63,KC177266.1
63,KY749555.1
63,KY749556.1
63,KY749557.1
63,KY749595.1
63,KY749596.1
63,KY749597.1
63,KY749598.1
63,KY749617.1
63,KY749618.1
63,KY749619.1
63,KC178127.1
63,MG925837.1
63,MG925836.1
63,MG925835.1
63,AY804767.1
63,AY804768.1
63,AY804769.1
63,FM970871.1
63,JN406829.1
63,JN406831.1
63,KC178123.1
63,LC385940.1
129,AB700012.2
129,AB700029.1
129,EF180897.1
129,EF180899.1
129,EF180917.1
129,GU142666.1
129,GU142667.1
129,GU690028.1
129,GU690030.1
129,GU803865.1
129,GU804052.1
129,HM412163.1
129,HM412345.1
129,HM412527.1
129,HM412685.1
129,HM412893.1
129,HM417282.1
129,HM417305.1
129,HM419869.1
129,HM419871.1
129,HM419873.1
129,HM420488.1
129,HM420489.1
129,HM860583.1
129,HM881267.1
129,HM881271.1
129,HM881987.1
129,HM909618.1
129,HQ583161.1
129,HQ634223.1
129,JF439544.1
129,JF867056.1
129,JF867293.1
129,JF867487.1
129,JF869041.1
129,JF869044.1
129,JF869067.1
129,JF869082.1
129,JF872420.1
129,JF872974.1
129,JF873575.1
129,JF873602.1
129,JN298651.1
129,JN298714.1
129,JN301903.1
129,JN302259.1
129,JQ807214.1
129,KC192967.1
129,KF652210.1
129,KJ086950.1
129,KM233125.1
129,KM569716.1
129,KM570784.1
129,KM645388.1
129,KP725262.1
129,KP725264.1
129,KR262616.1
129,KR655630.1
129,KR659253.1
129,KT103325.1
129,KX843743.1
129,KX843761.1
129,KX843802.1
129,KX843803.1
129,KX843818.1
129,KX843901.1
129,KX843916.1
129,KX843938.1
129,KX843958.1
129,KX844126.1
129,KX844174.1
129,KX844176.1
129,KX844180.1
129,KX844239.1
129,KX844328.1
129,KX844362.1
129,KX844425.1
129,KX844464.1
129,KX844516.1
129,KX844529.1
129,KX844536.1
129,MF833129.1
129,MG170578.1
129,MG967875.1
129,MG968185.1
129,MK644573.1
129,MN868742.1
129,MN868871.1
129,MN868902.1
129,MT048309.1
129,MW392927.1
129,MW392928.1
129,OK559553.1
129,OM037636.1
137,MG517481.1
137,KJ719441.1
137,KX161516.1
137,KX161519.1
137,MK744153.1
137,EX211441.2
137,GH708548.1
137,MN597135.1
137,MN597141.1
137,MN597142.1
137,KX161440.1
137,KX161441.1
137,KX161442.1
137,MK353637.1
137,MK752918.1
137,MK752919.1
137,MN158195.1
137,EB452731.1
137,MK091079.1
137,MK091080.1
137,MK091081.1
137,MK861017.1
137,KY707859.1
137,KY707864.1
137,KY707882.1
137,JN899796.1
137,JN899799.1
137,JN899813.1
137,MF818083.1
137,MF818098.1
137,MF818104.1
137,MF818105.1
137,MF818106.1
137,MN597120.1
137,MN597124.1
137,AY228754.1
137,MG383957.1
137,KX161559.1
137,KX161560.1
137,EU814982.1
137,EU815038.1
137,EU815047.1
137,EU815049.1
137,KX161644.1
137,JX435780.1
137,JX435781.1
137,JX435782.1
137,MK545131.1
137,MK545133.1
137,MK545106.1
137,KT864784.1
137,MK053680.1
137,MK053681.1
137,MK053682.1
137,MK164650.1
137,MK164651.1
137,KY556126.1
137,EF645645.1
137,KX161505.1
137,KX161506.1
137,KX161507.1
137,KJ195758.1
137,KJ195759.1
137,KJ195762.1
137,DV318666.1
137,JQ958370.1
137,JQ958371.1
137,MH374859.2
137,GU944724.1
137,KX087217.1
137,KX161445.1
137,KX161446.1
137,KX161447.1
137,KX161448.1
137,KX161449.1
137,KX161453.1
137,EU814993.1
137,EU814999.1
137,EU815001.1
137,EU815022.1
137,EU815023.1
137,KX812541.1
137,EU814977.1
137,EU814979.1
137,EU814981.1
137,KY928125.1
137,KY928147.1
137,KY928228.1
137,FM968331.1
137,JN406796.1
137,BX550132.1
137,DK323636.1
137,DK323699.1
137,FN180624.1
138,MG684883.1
138,GQ409481.1
138,AB517094.1
138,FJ025681.1
138,FJ025682.1
138,FJ025693.1
138,KJ652126.1
138,FR719213.1
138,FR719229.1
138,AM097514.1
138,AJ871202.1
138,AF364348.1
138,AF364349.1
138,AF364361.1
138,AF364364.1
138,AF364371.1
138,AF364398.1
138,JF439520.1
138,MT047404.1
138,MT047409.1
138,MT047439.1
138,KP658979.1
138,KP658980.1
138,KP658981.1
138,KP658984.1
138,KP658993.1
138,KP658995.1
138,KP659026.1
138,KP659027.1
138,KP659050.1
138,MK190912.1
138,MK190921.1
138,MK190922.1
138,MK190927.1
138,MK190947.1
138,MK190942.1
138,MK190945.1
138,MK190946.1
138,EW780697.1
138,FD933727.1
138,MG684866.1
138,MG684852.1
138,MG684850.1
138,MG684873.1
138,GQ119627.1
138,JZ925234.1
138,JZ925304.1
138,JZ925656.1
138,AF003552.1
138,AY752802.1
138,KP310098.1
138,KP310099.1
138,DQ168678.1
138,DQ168685.1
138,DQ168697.1
138,DQ168698.1
138,DQ168719.1
138,DQ168725.1
138,DQ168733.1
138,DQ168734.1
138,DQ168735.1
138,MK210589.1
138,MG823696.1
138,HM062651.1
138,HM062653.1
138,HM062654.1
138,HM062655.1
138,AF303180.1
138,AF303181.1
138,AF303182.1
138,AF303192.1
138,AF303200.1
138,AF303202.1
138,AF303207.1
138,AF303208.1
138,AF303209.1
138,HM062668.1
138,MG823695.1
138,AY035319.1
138,AY035320.1
138,AY035321.1
138,JX658156.1
138,JX658157.1
138,JX658158.1
138,AY048511.1
138,AY048514.1
138,AY048521.1
138,AY048522.1
138,AY048523.1
138,EU436007.1
138,EU436015.1
138,EU436019.1
138,EU436023.1
138,JN816248.1
138,JN816249.1
138,JN816250.1
138,JN816264.1
138,JN816270.1
138,JN816272.1
138,JN816274.1
138,JN828421.1
138,JN828422.1
138,JN828424.1
138,JN828427.1
138,JN828430.1
138,JN828432.1
138,JN828443.1
138,JN828444.1
138,JN828448.1
138,JN828449.1
138,JN828450.1
138,JN828451.1
138,DQ657115.1
138,DQ657116.1
138,DQ657117.1
138,DQ657118.1
138,DQ657126.1
138,DQ657130.1
138,DQ657132.1
138,DQ657133.1
138,DQ657134.1
138,DQ657136.1
138,DQ657137.1
138,DQ657140.1
138,FJ025694.1
138,GQ409493.1
138,JF439522.1
138,KP899712.1
138,AF423807.1
138,GQ465786.1
138,EU414684.1
138,AF503147.1
138,MG823697.1
138,JZ922869.1
138,EX453972.1
138,EX453973.1
138,KY428412.1
138,KY428414.1
138,FR719215.1
138,FR719216.1
138,GQ409469.1
138,JQ307783.1
138,FJ025667.1
138,FR719224.1
138,FR719225.1
138,JF439533.1
138,KX529638.1
138,AF003581.1
138,KY022437.1
138,FK704122.1
138,AF003580.1
138,DQ273144.1
138,FG088705.1
138,KT594858.1
138,MG683584.1
138,KT591136.1
138,KT591137.1
138,KY428411.1
138,AF148121.1
138,DQ250966.1
138,DQ250973.1
138,EF650436.1
138,EF650440.1
138,EF650413.1
138,MG823698.1
138,AF503144.1
138,AF503123.1
138,AF503136.1
138,AF503150.1
138,MG823677.1
138,MG823683.1
138,MG823692.1
138,MG823700.1
138,MG823704.1
138,MG823706.1
138,MG823682.1
138,GQ409470.1
138,JF439538.1
138,MZ401016.1
138,MZ401020.1
138,MZ401021.1
138,GQ409456.1
138,GQ409482.1
138,GU362010.1
138,BX030848.1
138,EV294881.1
138,DR126993.1
138,DR127826.1
138,AF503149.1
138,AJ871210.1
138,FJ025673.1
138,FJ025684.1
138,FJ025685.1
138,FJ025688.1
138,FJ025689.1
138,GQ465788.1
138,KJ510589.1
138,KJ510599.1
138,KJ510601.1
138,KP161747.1
138,KP161748.1
138,KU932198.1
138,KU932200.2
138,KU932201.1
138,MK292739.1
138,MN555697.1
138,MN555699.1
138,MN555702.1
138,MN555704.1
138,MN555705.1
138,MN555706.1
138,MN555707.1
138,MN555710.1
138,JG413291.2
138,JG414735.2
138,JG418929.2
138,FL483263.1
138,JF439523.1
138,KY749795.1
138,KY749796.1
138,KY749797.1
138,KY749832.1
138,KY749833.1
138,KY749834.1
138,KY749835.1
138,KY749854.1
138,KY749855.1
138,KY749856.1
138,KY749857.1
138,GQ409458.1
138,JF439525.1
138,KP899710.1
138,MF495950.1
138,MF495956.1
138,MF495961.1
138,MF495964.1
138,MF495965.1
138,MF495978.1
138,MF495979.1
138,MF495980.1
138,MF495966.1
138,MF495967.1
138,DV620094.1
138,DV620932.1
138,FN180197.1
138,EU477567.1
138,GE326379.1
138,BT001873.1
141,LC472923.1
141,MW000098.1
141,MN942954.1
141,JQ613625.1
141,JQ613670.1
141,JQ613682.1
141,MG554141.1
141,MT446699.1
141,KP288760.1
141,GQ409205.1
141,AB638303.1
141,AB638307.1
141,AB638309.1
141,KM224460.1
141,FJ025489.1
141,FJ025490.1
141,KP260704.1
141,KP954325.1
141,AB465970.1
141,AB465989.1
141,AB466001.1
141,AB466015.1
141,AB466024.1
141,AB466030.1
141,AB466034.1
141,AB699954.1
141,AB699955.1
141,AB699971.1
141,AF322418.1
141,KC177316.1
141,FJ171934.1
141,FJ171949.1
141,FJ171961.1
141,KP288753.1
141,MG684611.1
141,MH114223.1
141,MH114224.1
141,MH114229.1
141,MH114231.1
141,MT446695.1
141,MT446696.1
141,MT446772.1
141,MG979113.1
141,MG979114.1
141,MG979141.1
141,MG979140.1
141,AM071384.1
141,EI211587.1
141,EI211223.1
141,EW780282.1
141,MG684594.1
141,MG684595.1
141,MG684608.1
141,MG684609.1
141,JQ613592.1
141,JQ613603.1
141,KP288763.1
141,HQ440699.1
141,KX453705.1
141,MT335887.1
141,MT335935.1
141,MT335936.1
141,KX453706.1
141,JF718347.1
141,KT222915.1
141,MN635573.1
141,MN635591.1
141,MW531923.1
141,MW531924.1
141,MW531929.1
141,MW531939.1
141,LC541540.1
141,KC413917.1
141,KC177293.1
141,HF559385.1
141,HF559393.1
141,HF568961.1
141,HF569306.1
141,HF569314.1
141,HF569319.1
141,HQ845765.1
141,HQ845766.1
141,KC413892.1
141,KC413906.1
141,KM224474.1
141,KM270780.1
141,KM270802.1
141,KM270803.1
141,KM270808.1
141,KM270815.1
141,KT204366.1
141,MF446422.1
141,MF446428.1
141,MF446437.1
141,MF446445.1
141,MF446446.1
141,MF446448.1
141,MF446452.1
141,MF446461.1
141,MH445918.1
141,MH445919.1
141,MH445920.1
141,MH445921.1
141,MH445923.1
141,MH445924.1
141,MH445925.1
141,MH492486.1
141,MT256935.1
141,MT449523.1
141,MT449531.1
141,MW579441.1
141,MW579442.1
141,MW579461.1
141,EU431512.1
141,EU431515.1
141,EU431516.1
141,EU431521.1
141,KM224465.1
141,KM224466.1
141,EU241861.1
141,EU241862.1
141,EU241863.1
141,EU409233.1
141,EU431544.1
141,HF679563.1
141,HF679562.1
141,KC177304.1
141,LR995351.1
141,LR995352.1
141,KY563323.1
141,EU435623.1
141,EU435624.1
141,EU435688.1
141,EU435689.1
141,KF199575.1
141,KF199577.1
141,KJ766316.1
141,KC177309.1
141,FJ025485.1
141,KC177315.1
141,GQ409191.1
141,FJ025496.1
141,KP260717.1
141,KP954341.1
141,MN635580.1
141,MN635590.1
141,GQ465776.1
141,JF718337.1
141,EF680334.1
141,EF680338.1
141,EF680341.1
141,MH260726.1
141,MN635572.1
141,MN635575.1
141,MN635576.1
141,AF286295.1
141,KC177288.1
141,KC413936.1
141,AF136875.2
141,JQ613662.1
141,KP288759.1
141,KP288765.1
141,KP288783.1
141,KP288779.1
141,KP288782.1
141,AY257523.1
141,HQ440584.1
141,GU356726.1
141,FJ570731.1
141,FJ570732.1
141,HQ440559.1
141,FJ570758.1
141,FJ570759.1
141,GU356742.1
141,HQ440650.1
141,JF718340.1
141,JF718341.1
141,KM224464.1
141,FJ479750.1
141,U01259.1
141,U01260.1
141,U01276.1
141,AF114478.1
141,U01277.1
141,AB466039.1
141,AF322424.1
141,MF992252.1
141,GQ409187.1
141,FJ025484.1
141,AF403786.1
141,AF403787.1
141,AF403788.1
141,MT808462.1
141,MT808464.1
141,MT808469.1
141,AF033946.1
141,KF246551.1
141,AF423777.1
141,AY325014.1
141,AY325015.1
141,AY325016.1
141,AY325038.1
141,AY521835.1
141,EF650090.1
141,EF650100.1
141,EF650122.1
141,KC177290.1
141,KM879032.1
141,KM879034.1
141,HQ449100.1
141,JF716321.1
141,JF716322.1
141,HQ449053.1
141,HQ449081.1
141,HQ449090.1
141,HQ449106.1
141,MT808467.1
141,MT808456.1
141,LC624840.1
141,GQ409188.1
141,KP260724.1
141,KP954342.1
141,GQ409201.1
141,EU188737.1
141,KP288786.1
141,KP288788.1
141,KP288789.1
141,MT446728.1
141,MT446765.1
141,MT446768.1
141,HQ440623.1
141,GQ409175.1
141,GQ409207.1
141,KJ021928.1
141,MT808453.1
141,KC177280.1
141,MN942943.1
141,AF322423.1
141,DQ133074.1
141,KC177313.1
141,FJ025498.1
141,GQ409210.1
141,MK861148.1
141,KP260726.1
141,KP954330.1
141,AF322422.1
141,DQ133075.1
141,KF156697.1
141,KF156710.1
141,KF156714.1
141,KX506727.1
141,KX506728.1
141,KX506729.1
141,MT446770.1
141,HQ440633.1
141,HQ440649.1
141,KC177299.1
141,MT808468.1
176,MW030303.1
176,KX453753.1
176,KT278136.1
176,KT278137.1
176,KT278138.1
176,GQ409308.1
176,EF531184.1
176,JF439554.1
176,MT446637.1
176,MH114344.1
176,MK132987.1
176,MK132996.1
176,MK132997.1
176,MK133002.1
176,MK133020.1
176,MH114304.1
176,MH114326.1
176,MH114327.1
176,MH114328.1
176,MH114329.1
176,MH114343.1
176,MT446689.1
176,FJ040583.1
176,KX453721.1
176,KT278170.1
176,HQ440431.1
176,LT674144.1
176,KR269984.1
176,KR269985.1
176,KX453738.1
176,MN191375.1
176,MN191380.1
176,MN191381.1
176,MN191397.1
176,MN191400.1
176,MN191401.1
176,MN191402.1
176,MN191408.1
176,MN191411.1
176,MN191413.1
176,MN191445.1
176,MN191446.1
176,MN191447.1
176,MN191469.1
176,MN191486.1
176,MG684759.1
176,MG684781.1
176,MG684782.1
176,FJ040621.1
176,MN968296.1
176,KC177119.1
176,FJ040613.1
176,FJ040633.1
176,KX453751.1
176,KT278092.1
176,KT278093.1
176,KT278094.1
176,KC177123.1
176,KC177139.1
176,KC178400.1
176,KC593230.1
176,KC593269.1
176,KC593275.1
176,MG823547.1
176,KM243587.1
176,KM243595.1
176,KM243580.1
176,KM243581.1
176,FJ040628.1
176,KP402959.1
176,KP402976.1
176,KP402981.1
176,KP403004.1
176,KP403005.1
176,MG823536.1
176,KC177227.1
176,KC177228.1
176,HM062722.1
176,KC177164.1
176,HM062738.1
176,KC177183.1
176,MZ295996.1
176,MZ295997.1
176,MZ295998.1
176,KC177176.1
176,MZ295994.1
176,MG823548.1
176,EU367707.1
176,EU367712.1
176,EU367714.1
176,KC177208.1
176,KC177212.1
176,KC178404.1
176,MZ295995.1
176,KC178403.1
176,EF531159.1
176,JF439556.1
176,FJ025595.1
176,FJ040634.1
176,FJ040594.1
176,FJ040597.1
176,KC177126.1
176,FJ040593.1
176,FJ040626.1
176,FJ040602.1
176,KC178396.1
176,KX453746.1
176,KX453734.1
176,FJ040632.1
176,KX453745.1
176,FJ040588.1
176,KT278150.1
176,HQ440411.1
176,KT278154.1
176,KT278155.1
176,KT278156.1
176,KT278153.1
176,MW443124.1
176,MW443128.1
176,MW443130.1
176,MG823550.1
176,MH371931.1
176,MH371932.1
176,MH371933.1
176,FJ025567.1
176,FJ169335.1
176,GQ409299.1
176,FJ025571.1
176,FJ169337.1
176,FJ169338.1
176,FJ169340.1
176,HM639979.1
176,HM639982.1
176,EF531166.1
176,EU717166.1
176,EU717169.1
176,EU717184.1
176,MG683205.1
176,MG683207.1
176,MG683208.1
176,MK002250.1
176,MK002251.1
176,MK002252.1
176,MK002256.1
176,MK002245.1
176,MK002257.1
176,MK002266.1
176,EF650368.1
176,EF650363.1
176,EF650328.1
176,EF650338.1
176,KT306945.1
176,MG823521.1
176,MG823523.1
176,MG823531.1
176,MG823532.1
176,MG823543.1
176,MG823544.1
176,MG823554.1
176,MG823558.1
176,MG823570.1
176,MH764265.1
176,MH764269.1
176,MG703271.1
176,MG703272.1
176,MG703273.1
176,JF439564.1
176,GQ409307.1
176,KX453754.1
176,KX453755.1
176,KX453752.1
176,MT446682.1
176,KT278134.1
176,KT278135.1
176,HQ440476.1
176,GQ409291.1
176,GQ409310.1
176,FJ040616.1
176,MN968286.1
176,KC609568.1
176,KC609572.1
176,KC609574.1
176,EF531167.1
176,FJ025576.1
176,FJ025581.1
176,FJ025582.1
176,FJ025583.1
176,FJ025590.1
176,FJ025591.1
176,FJ025598.1
176,KP161823.1
176,KP161831.1
176,KP161838.1
176,KP161839.1
176,FJ025596.1
176,FJ169332.1
176,JQ307802.1
176,JF439557.1
176,EF531190.1
176,KY224156.1
176,KY224157.1
176,MN370850.1
176,MN370851.1
176,MN370852.1
176,HQ440485.1
176,HQ440500.1
176,EF531177.1
176,EF531179.1
177,KY928447.1
177,KC177236.1
177,MK093902.1
177,KP973910.1
177,MF414459.1
177,MF414460.1
177,MK337974.1
177,MK337975.1
177,MK337981.1
177,MK337988.1
177,MK338027.1
177,MK338033.1
177,MK338038.1
177,MK338041.1
177,MK338042.1
177,MK338075.1
177,MK338117.1
177,MK338118.1
177,MK338128.1
177,MK338129.1
177,MK338148.1
177,MK338157.1
177,MK338201.1
177,MK338204.1
177,MK338205.1
177,MK338215.1
177,MK338261.1
177,MK338267.1
177,MK338047.1
177,KX833257.1
177,KX833261.1
177,MF414488.1
177,MF414489.1
177,MG684709.1
177,MG684712.1
177,MG684719.1
177,MG684720.1
177,MG684724.1
177,KM243562.1
177,KC593151.1
177,KC593153.1
177,KC593159.1
177,KC593164.1
177,GU299269.1
177,EF104735.1
177,EF104737.1
177,EF104739.1
177,EF104746.1
177,EF104748.1
177,EF104751.1
177,EF104782.1
177,EF104789.1
177,EF104790.1
177,EF104799.1
177,GU299267.1
177,GU299271.1
177,HQ449741.1
177,KY378092.1
177,KY378093.1
177,KY378100.1
177,LT795099.1
177,GU299263.1
177,KP973907.1
177,MF414527.1
177,MK093906.1
177,KY928450.1
177,MK093904.1
177,MK093905.1
177,KC177133.1
177,MG684753.1
177,MG684754.1
177,HQ440239.1
177,MW286138.1
177,KU527436.1
177,KU527440.1
177,KU527442.1
177,EF126977.1
177,EF126983.1
177,EF126979.1
177,AY941207.1
177,AY941209.1
177,KY428110.1
177,JQ765750.1
177,JQ765769.1
177,JQ765771.1
177,AF539864.1
177,AF539867.1
177,AF539877.1
177,AF539883.1
177,AF539887.1
177,AF539893.1
177,AF539894.1
177,AF539898.1
177,AF539904.1
177,AF539905.1
177,DQ537938.1
177,AF539886.1
177,AF539889.1
177,AF539900.1
177,KU890525.1
177,KU890580.1
177,KM879105.1
177,KM879109.1
177,KP973922.1
177,MZ401032.1
177,MZ401033.1
177,MF414543.1
177,KP973901.1
177,MF414525.1
177,JQ290516.1
177,JQ290518.1
177,JQ290527.1
177,KP973914.1
177,MF414479.1
203,AY261724.1
203,AY261749.1
203,EF127392.1
203,EF127405.1
203,EF127406.1
203,EF127419.1
203,EF127439.1
203,EU241801.1
203,EU431446.1
203,EU431449.1
203,EU431450.1
203,EU431474.1
203,HE797752.1
203,HE797757.1
203,HE797762.1
203,HF542926.1
203,HF542927.1
203,HF585654.1
203,HF585662.1
203,HF585674.1
203,HF585675.1
203,HF585680.1
203,KJ158455.1
203,KM224492.1
203,KM224493.1
203,KM270842.1
203,KM270846.1
203,KP698522.1
203,KP698536.1
203,KP698540.1
203,KP698548.1
203,KP698554.1
203,KP698558.1
203,MF446467.1
203,MF446469.1
203,MF446470.1
203,MF446473.1
203,MF446481.1
203,MF446489.1
203,MF446490.1
203,MF446492.1
203,MH426730.1
203,MH430040.1
203,MH430041.1
203,MH430044.1
203,MH430045.1
203,MH430054.1
203,MH492483.1
203,MN888580.1
203,MT256944.1
203,MT449562.1
203,MT449563.1
204,AY261724.1
204,AY261749.1
204,EF127392.1
204,EF127405.1
204,EF127406.1
204,EF127419.1
204,EF127439.1
204,EU241801.1
204,EU431446.1
204,EU431449.1
204,EU431450.1
204,EU431474.1
204,HE797752.1
204,HE797757.1
204,HE797762.1
204,HF542926.1
204,HF542927.1
204,HF585674.1
204,HF585675.1
204,HF585680.1
204,KJ158455.1
204,KM224492.1
204,KM224493.1
204,KM270842.1
204,KM270846.1
204,KP698522.1
204,KP698536.1
204,KP698540.1
204,KP698548.1
204,KP698554.1
204,KP698558.1
204,MF446467.1
204,MF446469.1
204,MF446470.1
204,MF446473.1
204,MF446481.1
204,MF446489.1
204,MF446490.1
204,MF446492.1
204,MH426730.1
204,MH430040.1
204,MH430041.1
204,MH430044.1
204,MH430045.1
204,MH430054.1
204,MH492483.1
204,MN888580.1
204,MT256944.1
204,MT449562.1
204,MT449563.1
409,KC177044.1
409,KC178322.1
409,KC176969.1
409,KC178247.1
409,KC176869.1
409,KC178147.1
409,KC176887.1
409,KC178165.1
409,KC176882.1
409,KC178160.1
409,KC176891.1
409,KC178169.1
409,KC176911.1
409,KC176915.1
409,KC176916.1
409,KC176917.1
409,KC178189.1
409,KC178193.1
409,KC178194.1
409,KC178195.1
409,KC592777.1
409,KC592812.1
409,KC592816.1
409,KC592823.1
409,KC592826.1
409,KC592838.1
409,KM243603.1
409,KM243605.1
409,KM243607.1
409,KM243608.1
409,KM243616.1
409,KM243621.1
409,KM243622.1
409,KM243623.1
409,KM243633.1
409,KM243634.1
409,KM243635.1
409,KM243638.1
409,KM243639.1
409,KM243640.1
409,OL536328.1
409,OL536329.1
409,KC176910.1
409,KC178188.1
409,HM062649.1
409,JN664787.1
409,KP403101.1
409,KP403104.1
409,KP403105.1
409,KP403134.1
409,KP403152.1
409,MN967827.1
409,MN967828.1
409,MN967829.1
409,MN967912.1
409,MN967913.1
409,MN967915.1
409,MN967916.1
409,MN967917.1
409,MN967919.1
409,MN967934.1
409,MN967935.1
409,KC177027.1
409,KC178305.1
409,KC177028.1
409,KC178306.1
409,KC177032.1
409,KC178310.1
409,HM062626.1
409,HM062628.1
409,JN664728.1
409,JN664729.1
409,JN664730.1
409,JN664748.1
409,JN664765.1
409,JN664766.1
409,JN664768.1
409,JN664740.1
409,KC176959.1
409,KC178237.1
409,HM062646.1
409,JN664782.1
409,KC176983.1
409,KC178261.1
409,KC176979.1
409,KC178257.1
409,KC176956.1
409,KC178234.1
409,KC177007.1
409,KC178285.1
409,KC177009.1
409,KC178287.1
409,KC177011.1
409,KC178289.1
409,KC177012.1
409,KC178290.1
409,KC177013.1
409,KC177016.1
409,KC178291.1
409,KC178294.1
409,EU436029.1
409,KC176987.1
409,KC176988.1
409,KC176990.1
409,KC176993.1
409,KC176994.1
409,KC176995.1
409,KC178265.1
409,KC178266.1
409,KC178268.1
409,KC178271.1
409,KC178272.1
409,KC178273.1
409,EU436061.1
409,EU436076.1
409,EU436080.1
409,EU436081.1
409,KC176997.1
409,KC178275.1
409,KC177040.1
409,KC178318.1
409,KC176865.1
409,KC178143.1
409,KC176880.1
409,KC176881.1
409,KC178158.1
409,KC178159.1
409,KC176894.1
409,KC178172.1
409,KC176896.1
409,KC178174.1
409,GQ265563.1
409,KC176897.1
409,KC176898.1
409,KC176901.1
409,KC176903.1
409,KC178175.1
409,KC178176.1
409,KC178179.1
409,KC178181.1
409,KC176878.1
409,KC178156.1
409,KC176864.1
409,KC178142.1
409,KT278037.1
409,KT278038.1
409,KT278039.1
409,KT278040.1
409,HM062644.1
409,KC176946.1
409,KC178224.1
409,KC176947.1
409,KC178225.1
409,KC176975.1
409,KC178253.1
409,MN394182.1
409,MN394191.1
409,MN394192.1
409,MN394217.1
409,KC176921.1
409,KC178199.1
409,EF650269.1
409,EF650279.1
409,KC176926.1
409,KC178204.1
409,KY906300.1
409,MG189285.1
409,MG189286.1
409,MG189287.1
409,EF650264.1
409,KC176932.1
409,KC178210.1
409,KC176934.1
409,KC178212.1
409,KT278022.1
409,KT278023.1
409,HM062634.1
409,KC176884.1
409,KC178162.1
409,KP161781.1
409,KP161775.1
409,KP161776.1
409,KP161795.1
409,GQ265564.1
409,KC177038.1
409,KC178316.1
409,KC178223.1
504,KT278470.1
504,KT278471.1
504,KT278472.1
504,KC177972.1
504,KT278502.1
504,CK150827.1
504,KC177922.1
504,KC177916.1
504,KC177921.1
504,KC177920.1
504,HM062690.1
504,KC177961.1
504,KC178007.1
504,KC178008.1
504,KC178009.1
504,KC177988.1
504,KC177991.1
504,KC177994.1
504,KC177995.1
504,KC177996.1
504,MZ296030.1
504,FJ040659.1
504,KC177905.1
504,KC177883.1
504,KT278484.1
504,KT278486.1
504,KT278483.1
504,KC177949.1
504,JQ765810.1
504,KC177937.1
504,KM878864.1
504,KM878884.1
504,KM878885.1
504,KM878886.1
504,JX067351.1
504,JX067356.1
504,JX067375.1
504,U82708.1
504,L42109.1
504,KT278496.1
504,KT278454.1
504,KT278455.1
504,KT278457.1
504,JZ352588.1
504,DW187406.1
504,HB934039.1
504,HB949971.1
504,U82709.1
504,FF176549.1
1065,FJ040730.1
1065,MN943018.1
1065,KT278361.1
1065,KT278362.1
1065,KT278363.1
1065,FJ040728.1
1065,FJ040718.1
1065,FJ040709.1
1065,KC177354.1
1065,FJ040716.1
1065,FJ040720.1
1065,KC177495.1
1065,KC177361.1
1065,KC177384.1
1065,KC177400.1
1065,KC177419.1
1065,KY378345.1
1065,KY378397.1
1065,KC177422.1
1065,KC177412.1
1065,FJ040719.1
1065,KC177504.1
1065,FJ040707.1
1065,FJ040723.1
1065,FJ040737.1
1065,GQ265611.1
1065,KC177505.1
1065,KT278378.1
1065,KT278379.1
1065,KT278385.1
1065,KY428592.1
1065,KY428591.1
1065,KC177498.1
1065,KT278346.1
1065,KT278347.1
1065,KT278348.1
1065,FJ040736.1
1065,MN943010.1
1065,GQ265612.1
1065,KC177520.1
3194,MK093932.1
3194,MK093925.1
3194,KP722527.1
3194,MF479956.1
3194,MF479980.1
3194,MK338290.1
3194,MK338296.1
3194,MK338337.1
3194,MK338349.1
3194,MK338353.1
3194,MK338359.1
3194,MK338384.1
3194,MK338426.1
3194,MK338434.1
3194,MK338435.1
3194,MK338453.1
3194,MK338463.1
3194,MK338509.1
3194,MK338512.1
3194,MK338525.1
3194,MK338571.1
3194,MK338577.1
3194,MK338513.1
3194,EB554361.1
3194,MK093924.1
3194,MK093927.1
3194,MK093928.1
3194,MK093923.1
3194,MF480017.1
3432,MK093916.1
3432,MF480070.1
3432,MK337693.1
3432,MK337699.1
3432,MK337776.1
3432,MK337812.1
3432,MK337820.1
3432,MK337838.1
3432,MK337848.1
3432,MK337890.1
3432,MK337903.1
3432,MK337944.1
3432,MK337949.1
3432,MK337747.1
3432,MK337893.1
3432,MK337752.1
3432,MK337813.1
3432,MK337739.1
3432,KP686292.1
3432,MK093911.1
3432,MK093912.1
3432,MK093910.1
3432,KP686293.1
3432,MK093915.1
3432,MF480153.1
3432,KP686290.1
